-- --------------------------------------------------------
-- Host:                         127.0.0.1
-- Server version:               11.8.1-MariaDB - mariadb.org binary distribution
-- Server OS:                    Win64
-- HeidiSQL Version:             12.10.0.7000
-- --------------------------------------------------------

/*!40101 SET @OLD_CHARACTER_SET_CLIENT=@@CHARACTER_SET_CLIENT */;
/*!40101 SET NAMES utf8 */;
/*!50503 SET NAMES utf8mb4 */;
/*!40103 SET @OLD_TIME_ZONE=@@TIME_ZONE */;
/*!40103 SET TIME_ZONE='+00:00' */;
/*!40014 SET @OLD_FOREIGN_KEY_CHECKS=@@FOREIGN_KEY_CHECKS, FOREIGN_KEY_CHECKS=0 */;
/*!40101 SET @OLD_SQL_MODE=@@SQL_MODE, SQL_MODE='NO_AUTO_VALUE_ON_ZERO' */;
/*!40111 SET @OLD_SQL_NOTES=@@SQL_NOTES, SQL_NOTES=0 */;


-- Dumping database structure for university
--DROP DATABASE IF EXISTS `university`;
CREATE DATABASE IF NOT EXISTS `university` /*!40100 DEFAULT CHARACTER SET utf8mb4 COLLATE utf8mb4_uca1400_ai_ci */;
USE `university`;

-- Dumping structure for table university.ADVISES
DROP TABLE IF EXISTS `ADVISES`;
CREATE TABLE IF NOT EXISTS `ADVISES` (
  `professor_id` int(11) NOT NULL,
  `student_id` int(11) NOT NULL,
  PRIMARY KEY (`professor_id`,`student_id`),
  KEY `student_id` (`student_id`),
  CONSTRAINT `ADVISES_ibfk_1` FOREIGN KEY (`professor_id`) REFERENCES `PROFESSOR` (`professor_id`),
  CONSTRAINT `ADVISES_ibfk_2` FOREIGN KEY (`student_id`) REFERENCES `STUDENT` (`student_id`)
) ENGINE=InnoDB DEFAULT CHARSET=utf8mb4 COLLATE=utf8mb4_uca1400_ai_ci;

-- Dumping data for table university.ADVISES: ~0 rows (approximately)

-- Dumping structure for table university.COURSE
DROP TABLE IF EXISTS `COURSE`;
CREATE TABLE IF NOT EXISTS `COURSE` (
  `course_id` int(11) NOT NULL AUTO_INCREMENT,
  `course_name` varchar(100) NOT NULL,
  `credits` int(11) DEFAULT NULL,
  `seats_available` int(11) DEFAULT NULL,
  `professor_id` int(11) DEFAULT NULL,
  PRIMARY KEY (`course_id`),
  KEY `professor_id` (`professor_id`),
  CONSTRAINT `course_ibfk_1` FOREIGN KEY (`professor_id`) REFERENCES `PROFESSOR` (`professor_id`)
) ENGINE=InnoDB AUTO_INCREMENT=31 DEFAULT CHARSET=utf8mb4 COLLATE=utf8mb4_uca1400_ai_ci;

-- Dumping data for table university.COURSE: ~30 rows (approximately)
REPLACE INTO `COURSE` (`course_id`, `course_name`, `credits`, `seats_available`, `professor_id`) VALUES
	(1, 'Introduction to Programming', 6, 42, 9),
	(2, 'Data Structures', 2, 9, 12),
	(3, 'Algorithms', 6, 32, 15),
	(4, 'Database Systems', 5, 36, 15),
	(5, 'Web Development', 6, 16, 11),
	(6, 'Calculus I', 6, 18, 13),
	(7, 'Calculus II', 5, 34, 14),
	(8, 'Linear Algebra', 4, 23, 13),
	(9, 'Statistics', 4, 17, 5),
	(10, 'Discrete Mathematics', 2, 10, 10),
	(11, 'Physics I', 2, 23, 7),
	(12, 'Physics II', 6, 25, 3),
	(13, 'Quantum Mechanics', 5, 18, 1),
	(14, 'Thermodynamics', 2, 36, 13),
	(15, 'Electromagnetism', 4, 21, 2),
	(16, 'Business Management', 3, 25, 5),
	(17, 'Marketing', 4, 23, 1),
	(18, 'Finance', 6, 15, 10),
	(19, 'Economics', 5, 24, 6),
	(20, 'Accounting', 6, 28, 7),
	(21, 'Art History', 4, 36, 15),
	(22, 'Drawing', 3, 40, 1),
	(23, 'Painting', 3, 16, 2),
	(24, 'Sculpture', 6, 23, 4),
	(25, 'Digital Art', 5, 11, 6),
	(26, 'Software Engineering', 3, 43, 5),
	(27, 'Machine Learning', 6, 13, 10),
	(28, 'Artificial Intelligence', 3, 13, 6),
	(29, 'Computer Networks', 3, 38, 15),
	(30, 'Cybersecurity', 6, 19, 7);

-- Dumping structure for table university.DEPARTMENT
DROP TABLE IF EXISTS `DEPARTMENT`;
CREATE TABLE IF NOT EXISTS `DEPARTMENT` (
  `department_id` int(11) NOT NULL AUTO_INCREMENT,
  `name` varchar(100) NOT NULL,
  `location` varchar(100) DEFAULT NULL,
  PRIMARY KEY (`department_id`)
) ENGINE=InnoDB AUTO_INCREMENT=9 DEFAULT CHARSET=utf8mb4 COLLATE=utf8mb4_uca1400_ai_ci;

-- Dumping data for table university.DEPARTMENT: ~8 rows (approximately)
REPLACE INTO `DEPARTMENT` (`department_id`, `name`, `location`) VALUES
	(1, 'Computer Science', 'Building A'),
	(2, 'Mathematics', 'Building B'),
	(3, 'Physics', 'Building C'),
	(4, 'Business', 'Building D'),
	(5, 'Arts', 'Building E'),
	(6, 'Engineering', 'Science Wing'),
	(7, 'Biology', 'Tech Center'),
	(8, 'Chemistry', 'Main Campus');

-- Dumping structure for table university.ENROLLMENT
DROP TABLE IF EXISTS `ENROLLMENT`;
CREATE TABLE IF NOT EXISTS `ENROLLMENT` (
  `enrollment_id` int(11) NOT NULL AUTO_INCREMENT,
  `student_id` int(11) NOT NULL,
  `course_id` int(11) NOT NULL,
  `grade` varchar(2) DEFAULT NULL,
  PRIMARY KEY (`enrollment_id`),
  KEY `student_id` (`student_id`),
  KEY `course_id` (`course_id`),
  CONSTRAINT `enrollment_ibfk_1` FOREIGN KEY (`student_id`) REFERENCES `STUDENT` (`student_id`),
  CONSTRAINT `enrollment_ibfk_2` FOREIGN KEY (`course_id`) REFERENCES `COURSE` (`course_id`)
) ENGINE=InnoDB AUTO_INCREMENT=197 DEFAULT CHARSET=utf8mb4 COLLATE=utf8mb4_uca1400_ai_ci;

-- Dumping data for table university.ENROLLMENT: ~196 rows (approximately)
REPLACE INTO `ENROLLMENT` (`enrollment_id`, `student_id`, `course_id`, `grade`) VALUES
	(1, 87, 2, 'A'),
	(2, 22, 5, 'A'),
	(3, 70, 8, 'A'),
	(4, 53, 24, 'C'),
	(5, 41, 9, NULL),
	(6, 57, 10, NULL),
	(7, 50, 4, NULL),
	(8, 38, 6, 'B'),
	(9, 98, 14, NULL),
	(10, 64, 17, 'F'),
	(11, 71, 9, 'B'),
	(12, 23, 27, 'C'),
	(13, 37, 24, 'D'),
	(14, 63, 23, NULL),
	(15, 42, 11, 'D'),
	(16, 44, 9, 'D'),
	(17, 76, 23, 'D'),
	(18, 5, 13, NULL),
	(19, 77, 12, 'F'),
	(20, 15, 14, 'B'),
	(21, 85, 11, 'D'),
	(22, 76, 27, 'D'),
	(23, 94, 28, 'A'),
	(24, 57, 30, 'B'),
	(25, 59, 18, 'C'),
	(26, 24, 20, 'A'),
	(27, 29, 14, 'C'),
	(28, 23, 24, NULL),
	(29, 31, 21, NULL),
	(30, 62, 18, 'D'),
	(31, 45, 23, NULL),
	(32, 88, 19, 'D'),
	(33, 85, 19, 'A'),
	(34, 81, 15, 'C'),
	(35, 71, 7, NULL),
	(36, 74, 30, 'D'),
	(37, 80, 16, 'D'),
	(38, 6, 13, 'D'),
	(39, 13, 8, 'C'),
	(40, 18, 26, 'D'),
	(41, 32, 30, 'A'),
	(42, 60, 2, 'B'),
	(43, 15, 4, 'F'),
	(44, 5, 7, 'F'),
	(45, 94, 21, 'A'),
	(46, 54, 17, 'C'),
	(47, 63, 17, 'A'),
	(48, 60, 1, NULL),
	(49, 14, 3, 'C'),
	(50, 91, 23, 'A'),
	(51, 2, 17, 'D'),
	(52, 70, 9, 'D'),
	(53, 61, 21, 'F'),
	(54, 52, 16, 'F'),
	(55, 55, 2, 'F'),
	(56, 96, 27, 'F'),
	(57, 44, 10, 'C'),
	(58, 17, 12, NULL),
	(59, 34, 15, 'B'),
	(60, 92, 5, 'D'),
	(61, 46, 7, 'B'),
	(62, 54, 19, 'B'),
	(63, 84, 11, 'F'),
	(64, 25, 6, NULL),
	(65, 56, 9, 'A'),
	(66, 82, 27, 'B'),
	(67, 34, 10, NULL),
	(68, 63, 11, 'D'),
	(69, 51, 20, NULL),
	(70, 95, 2, 'B'),
	(71, 18, 10, NULL),
	(72, 28, 2, 'D'),
	(73, 54, 1, NULL),
	(74, 4, 17, NULL),
	(75, 16, 25, 'C'),
	(76, 65, 21, 'B'),
	(77, 84, 29, NULL),
	(78, 72, 29, 'B'),
	(79, 53, 8, 'C'),
	(80, 94, 7, 'A'),
	(81, 21, 1, 'B'),
	(82, 35, 6, NULL),
	(83, 84, 3, 'A'),
	(84, 76, 13, 'F'),
	(85, 88, 24, 'C'),
	(86, 23, 22, 'A'),
	(87, 44, 3, 'F'),
	(88, 24, 7, NULL),
	(89, 67, 21, NULL),
	(90, 99, 25, 'B'),
	(91, 17, 4, 'C'),
	(92, 97, 8, NULL),
	(93, 84, 27, NULL),
	(94, 60, 28, 'D'),
	(95, 24, 29, 'A'),
	(96, 35, 12, 'A'),
	(97, 2, 15, 'B'),
	(98, 36, 8, 'A'),
	(99, 50, 5, 'C'),
	(100, 97, 14, 'F'),
	(101, 43, 14, NULL),
	(102, 100, 16, 'D'),
	(103, 11, 29, 'D'),
	(104, 91, 17, NULL),
	(105, 86, 19, 'F'),
	(106, 68, 23, 'C'),
	(107, 4, 30, 'C'),
	(108, 86, 14, 'A'),
	(109, 68, 6, 'A'),
	(110, 56, 3, 'F'),
	(111, 7, 21, 'C'),
	(112, 62, 8, NULL),
	(113, 89, 16, 'B'),
	(114, 30, 15, 'D'),
	(115, 56, 11, 'A'),
	(116, 22, 12, 'A'),
	(117, 39, 22, 'F'),
	(118, 64, 2, 'D'),
	(119, 94, 4, 'B'),
	(120, 56, 26, NULL),
	(121, 43, 2, NULL),
	(122, 85, 2, 'A'),
	(123, 35, 19, 'B'),
	(124, 41, 1, 'C'),
	(125, 2, 25, NULL),
	(126, 90, 8, NULL),
	(127, 15, 19, 'D'),
	(128, 35, 7, 'D'),
	(129, 97, 17, NULL),
	(130, 43, 8, 'F'),
	(131, 99, 5, 'C'),
	(132, 40, 17, NULL),
	(133, 15, 9, NULL),
	(134, 67, 3, 'B'),
	(135, 57, 21, 'B'),
	(136, 67, 6, 'A'),
	(137, 1, 22, 'F'),
	(138, 37, 15, 'F'),
	(139, 78, 5, 'F'),
	(140, 81, 16, 'A'),
	(141, 65, 26, 'F'),
	(142, 58, 27, 'D'),
	(143, 13, 16, 'F'),
	(144, 56, 24, NULL),
	(145, 58, 19, 'B'),
	(146, 89, 30, 'B'),
	(147, 69, 9, 'C'),
	(148, 96, 21, 'B'),
	(149, 92, 22, 'D'),
	(150, 30, 21, NULL),
	(151, 69, 3, 'C'),
	(152, 91, 18, NULL),
	(153, 80, 12, 'D'),
	(154, 79, 10, NULL),
	(155, 8, 12, NULL),
	(156, 23, 7, 'C'),
	(157, 46, 2, 'C'),
	(158, 71, 22, 'A'),
	(159, 52, 25, 'D'),
	(160, 58, 28, NULL),
	(161, 7, 11, 'D'),
	(162, 20, 29, 'B'),
	(163, 16, 16, 'A'),
	(164, 95, 22, 'B'),
	(165, 19, 7, 'B'),
	(166, 78, 8, NULL),
	(167, 4, 28, 'B'),
	(168, 34, 21, 'D'),
	(169, 91, 8, 'C'),
	(170, 94, 18, 'D'),
	(171, 78, 1, 'B'),
	(172, 59, 6, 'D'),
	(173, 92, 11, 'A'),
	(174, 28, 1, NULL),
	(175, 26, 25, 'A'),
	(176, 74, 19, 'A'),
	(177, 81, 1, 'F'),
	(178, 9, 15, NULL),
	(179, 57, 7, 'B'),
	(180, 8, 29, 'A'),
	(181, 41, 3, 'F'),
	(182, 26, 22, NULL),
	(183, 32, 13, 'C'),
	(184, 39, 25, 'D'),
	(185, 65, 14, NULL),
	(186, 52, 13, 'B'),
	(187, 88, 7, 'D'),
	(188, 5, 22, 'B'),
	(189, 70, 30, NULL),
	(190, 39, 23, 'C'),
	(191, 67, 10, 'D'),
	(192, 92, 6, NULL),
	(193, 96, 15, 'A'),
	(194, 12, 13, 'F'),
	(195, 89, 25, 'B'),
	(196, 73, 2, 'D');

-- Dumping structure for table university.PROFESSOR
DROP TABLE IF EXISTS `PROFESSOR`;
CREATE TABLE IF NOT EXISTS `PROFESSOR` (
  `professor_id` int(11) NOT NULL AUTO_INCREMENT,
  `name` varchar(100) NOT NULL,
  `email` varchar(100) NOT NULL,
  PRIMARY KEY (`professor_id`),
  UNIQUE KEY `email` (`email`)
) ENGINE=InnoDB AUTO_INCREMENT=17 DEFAULT CHARSET=utf8mb4 COLLATE=utf8mb4_uca1400_ai_ci;

-- Dumping data for table university.PROFESSOR: ~16 rows (approximately)
REPLACE INTO `PROFESSOR` (`professor_id`, `name`, `email`) VALUES
	(1, 'Terri Grimes', 'Bernice_Funk@gmail.com'),
	(2, 'Julia Koelpin II', 'Leonor_Ullrich58@gmail.com'),
	(3, 'Gabriel Terry', 'Jordon.Emmerich@hotmail.com'),
	(4, 'Paul Roberts', 'Lilian1@gmail.com'),
	(5, 'Ella Konopelski III', 'Hans.Funk5@yahoo.com'),
	(6, 'Miss Eloise Ebert', 'Asa_Wyman94@hotmail.com'),
	(7, 'Fannie Wolff', 'Candice2@gmail.com'),
	(8, 'Elena Fadel', 'Jessica74@hotmail.com'),
	(9, 'Danielle VonRueden', 'Logan.Spencer6@gmail.com'),
	(10, 'Jeffrey Ferry', 'Shany_Rice@hotmail.com'),
	(11, 'Betsy Flatley', 'Queenie.Dooley@yahoo.com'),
	(12, 'Dave Collier', 'Luisa_Altenwerth@hotmail.com'),
	(13, 'Grady Turcotte', 'Ashlynn.Reichert93@hotmail.com'),
	(14, 'Courtney Volkman', 'Roberta39@hotmail.com'),
	(15, 'Mr. Ramiro Kling', 'Dixie.Kuvalis@yahoo.com'),
	(16, 'Test Admin', 'admin@university.com');

-- Dumping structure for table university.PROFESSOR_ACCOUNT
DROP TABLE IF EXISTS `PROFESSOR_ACCOUNT`;
CREATE TABLE IF NOT EXISTS `PROFESSOR_ACCOUNT` (
  `account_id` int(11) NOT NULL AUTO_INCREMENT,
  `professor_id` int(11) NOT NULL,
  `password` varchar(100) NOT NULL,
  `account_type` varchar(20) DEFAULT NULL,
  PRIMARY KEY (`account_id`),
  KEY `professor_id` (`professor_id`),
  CONSTRAINT `professor_account_ibfk_1` FOREIGN KEY (`professor_id`) REFERENCES `PROFESSOR` (`professor_id`)
) ENGINE=InnoDB AUTO_INCREMENT=17 DEFAULT CHARSET=utf8mb4 COLLATE=utf8mb4_uca1400_ai_ci;

-- Dumping data for table university.PROFESSOR_ACCOUNT: ~16 rows (approximately)
REPLACE INTO `PROFESSOR_ACCOUNT` (`account_id`, `professor_id`, `password`, `account_type`) VALUES
	(1, 1, '08cFTHHyyw', 'regular'),
	(2, 2, 'DGIxSYX@t2', 'regular'),
	(3, 3, 'AV6*MT*nkB', 'regular'),
	(4, 4, 'Com!IoVHNg', 'regular'),
	(5, 5, 'Xirh%ZnX76', 'regular'),
	(6, 6, 's8GuhS&z@4', 'regular'),
	(7, 7, 'yc%K!RxRk!', 'regular'),
	(8, 8, 'Qp@Y9EcbEA', 'regular'),
	(9, 9, 'vGYBqtVWx&', 'regular'),
	(10, 10, 'Wu0amTvGsf', 'regular'),
	(11, 11, '6LNIO&aVI$', 'regular'),
	(12, 12, 'wBnd0rN57t', 'regular'),
	(13, 13, 'k&4M#u!n6v', 'regular'),
	(14, 14, 'kbxkWc4&sT', 'regular'),
	(15, 15, '4OJ9wG%bFI', 'regular'),
	(16, 16, 'admin123', 'admin');

-- Dumping structure for table university.PROFESSOR_DEPARTMENT
DROP TABLE IF EXISTS `PROFESSOR_DEPARTMENT`;
CREATE TABLE IF NOT EXISTS `PROFESSOR_DEPARTMENT` (
  `professor_id` int(11) NOT NULL,
  `department_id` int(11) NOT NULL,
  PRIMARY KEY (`professor_id`,`department_id`),
  KEY `department_id` (`department_id`),
  CONSTRAINT `professor_department_ibfk_1` FOREIGN KEY (`professor_id`) REFERENCES `PROFESSOR` (`professor_id`),
  CONSTRAINT `professor_department_ibfk_2` FOREIGN KEY (`department_id`) REFERENCES `DEPARTMENT` (`department_id`)
) ENGINE=InnoDB DEFAULT CHARSET=utf8mb4 COLLATE=utf8mb4_uca1400_ai_ci;

-- Dumping data for table university.PROFESSOR_DEPARTMENT: ~15 rows (approximately)
REPLACE INTO `PROFESSOR_DEPARTMENT` (`professor_id`, `department_id`) VALUES
	(2, 1),
	(14, 1),
	(6, 3),
	(5, 4),
	(10, 4),
	(11, 5),
	(4, 6),
	(13, 6),
	(1, 7),
	(3, 7),
	(7, 7),
	(8, 7),
	(9, 7),
	(12, 8),
	(15, 8);

-- Dumping structure for table university.ROLE
DROP TABLE IF EXISTS `ROLE`;
CREATE TABLE IF NOT EXISTS `ROLE` (
  `role_id` int(11) NOT NULL AUTO_INCREMENT,
  `role_name` varchar(20) NOT NULL,
  PRIMARY KEY (`role_id`)
) ENGINE=InnoDB AUTO_INCREMENT=5 DEFAULT CHARSET=utf8mb4 COLLATE=utf8mb4_uca1400_ai_ci;

-- Dumping data for table university.ROLE: ~4 rows (approximately)
REPLACE INTO `ROLE` (`role_id`, `role_name`) VALUES
	(1, 'STUDENT'),
	(2, 'student_advisor'),
	(3, 'PROFESSOR'),
	(4, 'administrative_staff');

-- Dumping structure for table university.STUDENT
DROP TABLE IF EXISTS `STUDENT`;
CREATE TABLE IF NOT EXISTS `STUDENT` (
  `student_id` int(11) NOT NULL AUTO_INCREMENT,
  `name` varchar(100) NOT NULL,
  `email` varchar(100) NOT NULL,
  `dob` date DEFAULT NULL,
  `advisor_id` int(11) DEFAULT NULL,
  `role_id` int(11) DEFAULT NULL,
  PRIMARY KEY (`student_id`),
  UNIQUE KEY `email` (`email`),
  KEY `role_id` (`role_id`),
  KEY `fk_student_advisor` (`advisor_id`),
  CONSTRAINT `fk_student_advisor` FOREIGN KEY (`advisor_id`) REFERENCES `STUDENT` (`student_id`),
  CONSTRAINT `student_ibfk_1` FOREIGN KEY (`role_id`) REFERENCES `ROLE` (`role_id`)
) ENGINE=InnoDB AUTO_INCREMENT=101 DEFAULT CHARSET=utf8mb4 COLLATE=utf8mb4_uca1400_ai_ci;

-- Dumping data for table university.STUDENT: ~100 rows (approximately)
REPLACE INTO `STUDENT` (`student_id`, `name`, `email`, `dob`, `advisor_id`, `role_id`) VALUES
	(1, 'Test STUDENT', 'test@STUDENT.com', '2000-01-01', 92, 1),
	(2, 'Audrey Schimmel-Fay', 'Jacques63@hotmail.com', '1999-07-25', 72, 1),
	(3, 'Rosemary Wisozk', 'Aletha6@gmail.com', '1989-05-13', 7, 1),
	(4, 'Sue Hoeger DVM', 'Sidney.Rath@yahoo.com', '1993-06-17', 7, 1),
	(5, 'Elaine Ernser', 'Jaquelin3@hotmail.com', '1984-07-10', 27, 1),
	(6, 'Nicole Green', 'Jaden.OHara@gmail.com', '1998-03-19', 64, 1),
	(7, 'Rosa Bednar', 'Ara21@hotmail.com', '1990-10-16', NULL, 2),
	(8, 'Ms. Heidi Hand', 'Daron.Powlowski61@gmail.com', '1986-01-27', 20, 1),
	(9, 'Luke Larkin', 'Rusty_Muller@gmail.com', '1988-10-05', 20, 1),
	(10, 'Dianne Marvin', 'Adrianna13@hotmail.com', '1992-11-14', 84, 1),
	(11, 'Earl Reinger', 'Gina.Yundt7@gmail.com', '1982-09-08', 25, 1),
	(12, 'Jessie Littel', 'Freddie.Walker@yahoo.com', '1986-09-29', 64, 1),
	(13, 'Courtney Friesen DDS', 'Fanny90@hotmail.com', '1989-12-30', 20, 1),
	(14, 'Lula King', 'Eugenia_Terry-Lind69@gmail.com', '1998-03-02', 27, 1),
	(15, 'Diane Mueller DVM', 'Noel52@gmail.com', '1993-10-02', 67, 1),
	(16, 'Virgil Mosciski IV', 'Zoe28@yahoo.com', '1993-07-15', 67, 1),
	(17, 'Guillermo Becker', 'Abigayle.Legros@hotmail.com', '1996-03-26', 67, 1),
	(18, 'Miss Lucy Howe', 'Jarvis.Monahan@gmail.com', '1988-10-10', 92, 1),
	(19, 'Virgil Moen', 'Geovany.Hammes81@gmail.com', '1985-05-20', 25, 1),
	(20, 'Betsy Kutch', 'Olga.Howell@hotmail.com', '2001-01-31', NULL, 2),
	(21, 'Nathaniel Bradtke', 'Agnes.Weissnat@gmail.com', '1990-09-21', 7, 1),
	(22, 'Eugene Raynor', 'Everett_Nitzsche2@gmail.com', '1984-08-23', 7, 1),
	(23, 'Gloria Cartwright-Cormier', 'Luther_OConnell61@hotmail.com', '1997-06-14', 20, 1),
	(24, 'Dr. Raquel Mante', 'Camren_Tremblay84@yahoo.com', '1986-06-04', 64, 1),
	(25, 'Wendell Gerlach-Heaney', 'Columbus_McDermott90@hotmail.com', '1994-07-07', NULL, 2),
	(26, 'Arthur Weber', 'Jan_Grimes@hotmail.com', '1990-09-20', 64, 1),
	(27, 'Luz Dooley', 'Elise.Wilkinson@hotmail.com', '1987-05-09', NULL, 2),
	(28, 'Becky Beer', 'Simone_Cummerata@gmail.com', '1982-12-08', 64, 1),
	(29, 'Mr. Alfredo Padberg', 'Demarcus.Towne-Waters@gmail.com', '1990-01-25', 64, 1),
	(30, 'Kristine Grimes MD', 'Dora_Gutmann50@hotmail.com', '1987-01-19', 27, 1),
	(31, 'Nora Hagenes', 'Micah.Schoen91@hotmail.com', '1983-12-22', 84, 1),
	(32, 'Johnnie Bartoletti', 'Jeffry_Sawayn@gmail.com', '1987-12-08', 72, 1),
	(33, 'Dr. Violet Gutmann', 'Ezekiel.Thompson12@hotmail.com', '1984-08-16', 67, 1),
	(34, 'Winston Wiegand', 'Manuel.Klocko@gmail.com', '1999-02-14', 67, 1),
	(35, 'Kristin Russel', 'River_Blanda@gmail.com', '2001-12-26', 84, 1),
	(36, 'Aubrey Hudson', 'Jaylan_Boehm56@gmail.com', '1985-05-25', 27, 1),
	(37, 'Della Kunde', 'Gabe_Bogan@gmail.com', '1992-07-29', 7, 1),
	(38, 'Loretta Franey Jr.', 'Henri15@gmail.com', '1994-06-20', 84, 1),
	(39, 'Troy Jakubowski', 'Fern9@gmail.com', '1993-02-08', 67, 1),
	(40, 'Lucas Gislason PhD', 'Malcolm44@hotmail.com', '1998-06-04', 67, 1),
	(41, 'Judy Gusikowski', 'Shannon80@hotmail.com', '1998-12-15', 27, 1),
	(42, 'Terrance Lebsack', 'Braulio.Corkery@yahoo.com', '1985-05-15', 25, 1),
	(43, 'Alberto Weimann', 'Dawn87@gmail.com', '1994-10-15', 72, 1),
	(44, 'Wm Rodriguez IV', 'Drake.Bergstrom@yahoo.com', '1997-04-30', 72, 1),
	(45, 'Dr. Bobby Gorczany', 'Henriette5@yahoo.com', '1987-02-14', 64, 1),
	(46, 'Leland Treutel', 'Frida70@hotmail.com', '1984-11-06', 25, 1),
	(47, 'Dr. Kelvin Erdman', 'Zander.Ryan@gmail.com', '1987-05-12', 67, 1),
	(48, 'Taylor Swaniawski', 'Elissa80@hotmail.com', '1992-09-07', 64, 1),
	(49, 'James Schultz', 'Margarett64@hotmail.com', '1999-10-01', 7, 1),
	(50, 'April Hills', 'Lorenz21@gmail.com', '1988-10-04', 92, 1),
	(51, 'Blake Monahan', 'Reta93@hotmail.com', '1985-05-05', 7, 1),
	(52, 'Tony Kozey', 'Delfina90@hotmail.com', '1993-04-29', 67, 1),
	(53, 'Teresa Wyman V', 'Mertie6@gmail.com', '1990-04-25', 84, 1),
	(54, 'Lance Mante', 'Reymundo.Donnelly@gmail.com', '1999-06-19', 25, 1),
	(55, 'Andy Cormier', 'Arnold_Kassulke-Koelpin54@hotmail.com', '1998-09-12', 20, 1),
	(56, 'Philip Hayes', 'Weldon.Stiedemann63@gmail.com', '1988-05-27', 67, 1),
	(57, 'Dawn Predovic', 'Federico.Corkery@yahoo.com', '1999-05-23', 67, 1),
	(58, 'Kate Schamberger', 'Easter_Macejkovic@gmail.com', '1998-10-26', 64, 1),
	(59, 'Perry Barton', 'Dan_Vandervort@yahoo.com', '1996-11-07', 92, 1),
	(60, 'Felicia Blick', 'Vallie.Spinka@gmail.com', '1990-06-23', 27, 1),
	(61, 'Andy Wiegand', 'Reyna35@yahoo.com', '1983-11-01', 84, 1),
	(62, 'Enrique Stroman V', 'Darron_Littel77@gmail.com', '1996-12-09', 7, 1),
	(63, 'Greg Grady', 'Branson.Rogahn@hotmail.com', '1985-01-21', 25, 1),
	(64, 'Sheldon Quigley', 'Vada_DuBuque59@gmail.com', '2000-09-20', NULL, 2),
	(65, 'Alicia Gottlieb I', 'Tyrel.Nienow53@hotmail.com', '1996-12-21', 84, 1),
	(66, 'Jimmy Renner', 'Skylar19@gmail.com', '1989-04-02', 92, 1),
	(67, 'Sue Jenkins', 'Furman6@hotmail.com', '1996-08-08', NULL, 2),
	(68, 'Anthony Schmitt III', 'Monique.Lynch57@gmail.com', '1999-12-22', 7, 1),
	(69, 'Stanley Stamm', 'Arianna74@gmail.com', '1992-02-03', 20, 1),
	(70, 'Dominick Jaskolski Jr.', 'Al.Vandervort@hotmail.com', '1994-09-21', 84, 1),
	(71, 'Krista Reichel', 'Margarett_VonRueden@gmail.com', '1996-06-09', 84, 1),
	(72, 'Marion Paucek', 'Dusty29@gmail.com', '1996-06-03', NULL, 2),
	(73, 'Dr. Patsy Schmidt', 'Elvera_Wyman60@yahoo.com', '1996-05-12', 67, 1),
	(74, 'Clarence Franecki', 'Malvina2@hotmail.com', '2000-08-06', 25, 1),
	(75, 'Lee Herman', 'Emilia.Homenick11@hotmail.com', '1987-10-08', 27, 1),
	(76, 'Dr. Kara Beahan', 'Ryleigh_Johnston@yahoo.com', '1989-10-30', 92, 1),
	(77, 'Thomas Franecki', 'Nikolas_Ernser@yahoo.com', '1996-03-09', 64, 1),
	(78, 'Dr. Mona Huel', 'Marilou_Spinka13@hotmail.com', '1986-10-25', 92, 1),
	(79, 'Alfred Gleichner MD', 'Nathaniel36@hotmail.com', '1999-12-28', 92, 1),
	(80, 'Randy Armstrong', 'Carlotta_Heidenreich@hotmail.com', '1988-01-12', 7, 1),
	(81, 'Alonzo Bogisich', 'Geoffrey_Zulauf@hotmail.com', '1994-09-27', 67, 1),
	(82, 'Nicholas Marks', 'Dasia8@gmail.com', '1986-11-15', 67, 1),
	(83, 'Dana Prohaska', 'Lila.Stokes@gmail.com', '1995-03-10', 7, 1),
	(84, 'Tara Jaskolski', 'Yvette_Wolf93@gmail.com', '1985-02-27', NULL, 2),
	(85, 'Wilma Wiza', 'Dangelo84@gmail.com', '1988-01-13', 64, 1),
	(86, 'Dr. Edwin Gislason', 'Fatima_Dietrich@hotmail.com', '1983-11-08', 25, 1),
	(87, 'Mr. Robin Cormier', 'Erick_Cronin@gmail.com', '1985-11-29', 64, 1),
	(88, 'Ms. Vicki Boehm', 'Lizeth76@yahoo.com', '2000-03-24', 92, 1),
	(89, 'Mr. Gene Mann', 'Barney.Walsh55@hotmail.com', '1993-03-24', 27, 1),
	(90, 'Wade Barrows', 'Julio.Bailey88@gmail.com', '1983-08-02', 64, 1),
	(91, 'Emilio Collier', 'Loy.Abbott@hotmail.com', '1986-06-30', 92, 1),
	(92, 'Mr. Raymond VonRueden', 'Garry.Bechtelar25@hotmail.com', '2001-07-30', NULL, 2),
	(93, 'Mrs. Rita Wiza', 'Mallie.Conn@hotmail.com', '2000-12-02', 92, 1),
	(94, 'Guadalupe Skiles DDS', 'Hulda89@yahoo.com', '1992-05-24', 64, 1),
	(95, 'Christine Block', 'Alfonzo_Erdman@yahoo.com', '1983-12-25', 64, 1),
	(96, 'Gregory Goodwin', 'Jorge.Wehner-Rogahn@yahoo.com', '2001-08-11', 20, 1),
	(97, 'Marc Senger', 'Earlene_Vandervort91@yahoo.com', '1994-02-03', 67, 1),
	(98, 'Lee Lang', 'Junior_Kertzmann72@hotmail.com', '1999-08-03', 27, 1),
	(99, 'Georgia Abernathy', 'Ubaldo.Kassulke@gmail.com', '1999-05-17', 64, 1),
	(100, 'Beth Hickle', 'Adolfo19@gmail.com', '1989-10-26', 67, 1);

-- Dumping structure for table university.STUDENT_ACCOUNT
DROP TABLE IF EXISTS `STUDENT_ACCOUNT`;
CREATE TABLE IF NOT EXISTS `STUDENT_ACCOUNT` (
  `account_id` int(11) NOT NULL AUTO_INCREMENT,
  `student_id` int(11) NOT NULL,
  `password` varchar(100) NOT NULL,
  `account_type` varchar(20) DEFAULT NULL,
  PRIMARY KEY (`account_id`),
  KEY `student_id` (`student_id`),
  CONSTRAINT `student_account_ibfk_1` FOREIGN KEY (`student_id`) REFERENCES `STUDENT` (`student_id`)
) ENGINE=InnoDB AUTO_INCREMENT=101 DEFAULT CHARSET=utf8mb4 COLLATE=utf8mb4_uca1400_ai_ci;

-- Dumping data for table university.STUDENT_ACCOUNT: ~100 rows (approximately)
REPLACE INTO `STUDENT_ACCOUNT` (`account_id`, `student_id`, `password`, `account_type`) VALUES
	(1, 1, 'password123', 'regular'),
	(2, 2, '2#Ywa%qX40', 'regular'),
	(3, 3, 'KA&JECU3mY', 'regular'),
	(4, 4, 'K0hfVSs9Cx', 'regular'),
	(5, 5, 'aAJkJhd!5y', 'regular'),
	(6, 6, 'Fuon2VsFQq', 'regular'),
	(7, 7, 'bIljrzQIcr', 'regular'),
	(8, 8, 'cN8wmrBBAZ', 'regular'),
	(9, 9, 'rlCese1JgQ', 'regular'),
	(10, 10, '3!9$ZxM1&z', 'regular'),
	(11, 11, 'Sc6gkidAO#', 'regular'),
	(12, 12, 'qmDO$pX87D', 'regular'),
	(13, 13, 'maQerTsyw@', 'regular'),
	(14, 14, 'v2N2L1xljl', 'regular'),
	(15, 15, 'A6Lm5t#KvX', 'regular'),
	(16, 16, '0ORxz3Gu0R', 'regular'),
	(17, 17, 'NtD!ndGk!p', 'regular'),
	(18, 18, '2NYTyxoLk1', 'regular'),
	(19, 19, '!NIFI&2x8l', 'regular'),
	(20, 20, 'Jc496Efkbl', 'regular'),
	(21, 21, '@cqzJ1xDhL', 'regular'),
	(22, 22, '38Vs8cD0up', 'regular'),
	(23, 23, 'kpsqYewSFM', 'regular'),
	(24, 24, '@JUt0vTO8d', 'regular'),
	(25, 25, 'xfbqiCw7d6', 'regular'),
	(26, 26, 'LWWZziB%Cx', 'regular'),
	(27, 27, 'VXi0Fqni1S', 'regular'),
	(28, 28, 'uw0CTFp2d7', 'regular'),
	(29, 29, 'Ty4Ft@gyjH', 'regular'),
	(30, 30, 'C6K2ARU3lF', 'regular'),
	(31, 31, '$jPqn%N7*0', 'regular'),
	(32, 32, '6fqO6Mh1p7', 'regular'),
	(33, 33, 'qI%l4iyOnw', 'regular'),
	(34, 34, '4YLlvOe6dx', 'regular'),
	(35, 35, 'V7zgAp51v0', 'regular'),
	(36, 36, '4##SHh*xp#', 'regular'),
	(37, 37, 'vqvPgTv35g', 'regular'),
	(38, 38, 'MyVjDSIhiR', 'regular'),
	(39, 39, 'tn7NyFHjB#', 'regular'),
	(40, 40, 'PYjLgWgD52', 'regular'),
	(41, 41, 'B9aoxDfRiS', 'regular'),
	(42, 42, 'lm1GOY1E7H', 'regular'),
	(43, 43, 'vBE1gYBEK&', 'regular'),
	(44, 44, 'yNCaT*DbZL', 'regular'),
	(45, 45, '8fmAiMwyW#', 'regular'),
	(46, 46, 'FsKxLd30sj', 'regular'),
	(47, 47, 'erXe&!WXOq', 'regular'),
	(48, 48, 'Bz@7FiDK*f', 'regular'),
	(49, 49, '1z4jbC3$6!', 'regular'),
	(50, 50, 'R$hhT&w853', 'regular'),
	(51, 51, 'Tc%yqT5&SL', 'regular'),
	(52, 52, 'V*fD&NJZKa', 'regular'),
	(53, 53, 'FGXKiI4O9L', 'regular'),
	(54, 54, 'fpn9q5*KV8', 'regular'),
	(55, 55, '39VaMG8L9g', 'regular'),
	(56, 56, 'bZ28InfiB8', 'regular'),
	(57, 57, 'Ei3aHbbX*!', 'regular'),
	(58, 58, 'DS22OiBJnP', 'regular'),
	(59, 59, 'cPJPlusfhV', 'regular'),
	(60, 60, 'N3JIeU04TK', 'regular'),
	(61, 61, 'P5FEc0Beg9', 'regular'),
	(62, 62, 'XbyeKsp!RK', 'regular'),
	(63, 63, 'da$2ETz4r2', 'regular'),
	(64, 64, '$5$rB#wgqw', 'regular'),
	(65, 65, 'vB0R8cuuVB', 'regular'),
	(66, 66, 'nBSc&4l6Gn', 'regular'),
	(67, 67, 'CK8vdgi!@C', 'regular'),
	(68, 68, 'axbEdQtMQK', 'regular'),
	(69, 69, '!@2POa2c1j', 'regular'),
	(70, 70, 'YfydnQLT0i', 'regular'),
	(71, 71, 'Q6TfYv7fna', 'regular'),
	(72, 72, '1$qWbx*Isn', 'regular'),
	(73, 73, 'AsSx@bp&Kb', 'regular'),
	(74, 74, 'QoQrOAYcEK', 'regular'),
	(75, 75, 'sDcSuI*vJL', 'regular'),
	(76, 76, 'rAs2UnyTvt', 'regular'),
	(77, 77, 'HPeV4jDBoa', 'regular'),
	(78, 78, 's!h$*KO4xQ', 'regular'),
	(79, 79, '*2q2y98wU!', 'regular'),
	(80, 80, '&il7inK7PC', 'regular'),
	(81, 81, 'Pksl6wXVXc', 'regular'),
	(82, 82, 'PIxjEB*DIq', 'regular'),
	(83, 83, 'KbuN3pUIBv', 'regular'),
	(84, 84, 'pdAdDdwO4h', 'regular'),
	(85, 85, 'fJaShZBkx4', 'regular'),
	(86, 86, '8&9axiOIN$', 'regular'),
	(87, 87, 'pauv!upH28', 'regular'),
	(88, 88, 'lReY7o@%H%', 'regular'),
	(89, 89, '14Vt4QkFi$', 'regular'),
	(90, 90, 'xAs1!a5hG%', 'regular'),
	(91, 91, '2#7T%6uiBk', 'regular'),
	(92, 92, 'se%1v37LMy', 'regular'),
	(93, 93, 'nRox9Dmm5j', 'regular'),
	(94, 94, 'i5XUJSMlww', 'regular'),
	(95, 95, 'w6nx7idotl', 'regular'),
	(96, 96, 'v5cs0ImedZ', 'regular'),
	(97, 97, 'rTFjOj%li5', 'regular'),
	(98, 98, '2FL8bNQ&4U', 'regular'),
	(99, 99, '!5dNMSIdtg', 'regular'),
	(100, 100, 'asuQ7ldldB', 'regular');

-- Dumping structure for table university.STUDENT_DEPARTMENT
DROP TABLE IF EXISTS `STUDENT_DEPARTMENT`;
CREATE TABLE IF NOT EXISTS `STUDENT_DEPARTMENT` (
  `student_id` int(11) NOT NULL,
  `department_id` int(11) NOT NULL,
  PRIMARY KEY (`student_id`,`department_id`),
  KEY `department_id` (`department_id`),
  CONSTRAINT `student_department_ibfk_1` FOREIGN KEY (`student_id`) REFERENCES `STUDENT` (`student_id`),
  CONSTRAINT `student_department_ibfk_2` FOREIGN KEY (`department_id`) REFERENCES `DEPARTMENT` (`department_id`)
) ENGINE=InnoDB DEFAULT CHARSET=utf8mb4 COLLATE=utf8mb4_uca1400_ai_ci;

-- Dumping data for table university.STUDENT_DEPARTMENT: ~100 rows (approximately)
REPLACE INTO `STUDENT_DEPARTMENT` (`student_id`, `department_id`) VALUES
	(1, 1),
	(10, 1),
	(14, 1),
	(25, 1),
	(33, 1),
	(42, 1),
	(43, 1),
	(53, 1),
	(54, 1),
	(62, 1),
	(70, 1),
	(88, 1),
	(89, 1),
	(92, 1),
	(97, 1),
	(13, 2),
	(22, 2),
	(30, 2),
	(45, 2),
	(71, 2),
	(77, 2),
	(78, 2),
	(79, 2),
	(81, 2),
	(87, 2),
	(99, 2),
	(6, 3),
	(8, 3),
	(9, 3),
	(12, 3),
	(27, 3),
	(29, 3),
	(34, 3),
	(37, 3),
	(48, 3),
	(74, 3),
	(76, 3),
	(82, 3),
	(91, 3),
	(93, 3),
	(98, 3),
	(3, 4),
	(18, 4),
	(23, 4),
	(32, 4),
	(41, 4),
	(44, 4),
	(51, 4),
	(66, 4),
	(95, 4),
	(15, 5),
	(16, 5),
	(17, 5),
	(19, 5),
	(20, 5),
	(26, 5),
	(39, 5),
	(47, 5),
	(55, 5),
	(60, 5),
	(65, 5),
	(67, 5),
	(75, 5),
	(80, 5),
	(85, 5),
	(86, 5),
	(94, 5),
	(96, 5),
	(2, 6),
	(5, 6),
	(11, 6),
	(21, 6),
	(36, 6),
	(49, 6),
	(50, 6),
	(56, 6),
	(58, 6),
	(59, 6),
	(72, 6),
	(83, 6),
	(84, 6),
	(31, 7),
	(52, 7),
	(57, 7),
	(69, 7),
	(73, 7),
	(100, 7),
	(4, 8),
	(7, 8),
	(24, 8),
	(28, 8),
	(35, 8),
	(38, 8),
	(40, 8),
	(46, 8),
	(61, 8),
	(63, 8),
	(64, 8),
	(68, 8),
	(90, 8);

-- Dumping structure for table university.TEACHES
DROP TABLE IF EXISTS `TEACHES`;
CREATE TABLE IF NOT EXISTS `TEACHES` (
  `professor_id` int(11) NOT NULL,
  `course_id` int(11) NOT NULL,
  PRIMARY KEY (`professor_id`,`course_id`),
  KEY `course_id` (`course_id`),
  CONSTRAINT `teaches_ibfk_1` FOREIGN KEY (`professor_id`) REFERENCES `PROFESSOR` (`professor_id`),
  CONSTRAINT `teaches_ibfk_2` FOREIGN KEY (`course_id`) REFERENCES `COURSE` (`course_id`)
) ENGINE=InnoDB DEFAULT CHARSET=utf8mb4 COLLATE=utf8mb4_uca1400_ai_ci;

-- Dumping data for table university.TEACHES: ~30 rows (approximately)
REPLACE INTO `TEACHES` (`professor_id`, `course_id`) VALUES
	(9, 1),
	(12, 2),
	(15, 3),
	(15, 4),
	(11, 5),
	(13, 6),
	(14, 7),
	(13, 8),
	(5, 9),
	(10, 10),
	(7, 11),
	(3, 12),
	(1, 13),
	(13, 14),
	(2, 15),
	(5, 16),
	(1, 17),
	(10, 18),
	(6, 19),
	(7, 20),
	(15, 21),
	(1, 22),
	(2, 23),
	(4, 24),
	(6, 25),
	(5, 26),
	(10, 27),
	(6, 28),
	(15, 29),
	(7, 30);

/*!40103 SET TIME_ZONE=IFNULL(@OLD_TIME_ZONE, 'system') */;
/*!40101 SET SQL_MODE=IFNULL(@OLD_SQL_MODE, '') */;
/*!40014 SET FOREIGN_KEY_CHECKS=IFNULL(@OLD_FOREIGN_KEY_CHECKS, 1) */;
/*!40101 SET CHARACTER_SET_CLIENT=@OLD_CHARACTER_SET_CLIENT */;
/*!40111 SET SQL_NOTES=IFNULL(@OLD_SQL_NOTES, 1) */;
